[
    {
        "id": 1,
        "name": "Ali Adam",
        "surname": "Moustapha",
        "phone": "0555 169 18 43",
        "date": "2025-05-16",
        "time": "00:51:35.180561",
        "other_data": ""
    },
    {
        "id": 2,
        "name": "AKRAM",
        "surname": "MOHAMED SAEED",
        "phone": "0544 875 45 12",
        "date": "2025-05-16",
        "time": "00:52:16.669653",
        "other_data": ""
    },
    {
        "id": 3,
        "name": "Tahir",
        "surname": "Kayar",
        "phone": "0536 523 71 42",
        "date": "2025-05-16",
        "time": "00:52:56.748198",
        "other_data": ""
    },
    {
        "id": 4,
        "name": "Melda",
        "surname": " Karaçelik",
        "phone": "0555 160 18 43",
        "date": "2025-05-16",
        "time": "00:54:05.586751",
        "other_data": ""
    },
    {
        "id": 5,
        "name": "Berfin",
        "surname": "Tok",
        "phone": "0555 249 20 43",
        "date": "2025-05-16",
        "time": "00:54:45.175099",
        "other_data": ""
    },
    {
        "id": 6,
        "name": "Baran",
        "surname": "Gazi Taşar",
        "phone": "0556 249 20 43",
        "date": "2025-05-16",
        "time": "00:55:24.721414",
        "other_data": ""
    },
    {
        "id": 7,
        "name": "Ömer",
        "surname": "KAYA",
        "phone": "0545 169 18 43",
        "date": "2025-05-16",
        "time": "00:55:59.566276",
        "other_data": ""
    },
    {
        "id": 8,
        "name": "Muhammed ",
        "surname": "Çağrı Çelik",
        "phone": "0544 513 64 42",
        "date": "2025-05-16",
        "time": "00:56:46.561871",
        "other_data": ""
    },
    {
        "id": 9,
        "name": "Sümeyye",
        "surname": "Kudu",
        "phone": "0544 149 20 43",
        "date": "2025-05-16",
        "time": "00:57:25.603858",
        "other_data": ""
    },
    {
        "id": 10,
        "name": "Brenda Maguy",
        "surname": "Menga M’obaya",
        "phone": "0545 269 18 43",
        "date": "2025-05-16",
        "time": "00:58:04.659929",
        "other_data": ""
    },
    {
        "id": 11,
        "name": "Matias Fernando",
        "surname": "Owono Obiang",
        "phone": "0546 128 29 01",
        "date": "2025-05-16",
        "time": "00:59:14.915271",
        "other_data": ""
    },
    {
        "id": 12,
        "name": "Berkay",
        "surname": "Kaya",
        "phone": "0546 128 29 02",
        "date": "2025-05-16",
        "time": "00:59:48.803034",
        "other_data": ""
    },
    {
        "id": 13,
        "name": "Yusuf",
        "surname": "Ziya Alkan",
        "phone": "0546 128 27 02",
        "date": "2025-05-16",
        "time": "01:00:25.624451",
        "other_data": ""
    },
    {
        "id": 14,
        "name": "Şefik",
        "surname": "Mersinli",
        "phone": "0546 128 27 03",
        "date": "2025-05-16",
        "time": "01:00:59.409474",
        "other_data": ""
    },
    {
        "id": 15,
        "name": "Mustafa",
        "surname": "Osma",
        "phone": "0546 125 27 03",
        "date": "2025-05-16",
        "time": "01:01:28.534897",
        "other_data": ""
    },
    {
        "id": 16,
        "name": "Arda",
        "surname": "IRMAK",
        "phone": "0536 523 64 50",
        "date": "2025-05-17",
        "time": "22:08:14.141790",
        "other_data": ""
    },
    {
        "id": 17,
        "name": "Özge",
        "surname": "Aytemur",
        "phone": "0544 958 85 74",
        "date": "2025-05-17",
        "time": "22:08:59.518802",
        "other_data": ""
    },
    {
        "id": 18,
        "name": "Muhammed",
        "surname": "Ali Kumru",
        "phone": "0537 523 74 42",
        "date": "2025-05-17",
        "time": "22:09:38.439301",
        "other_data": ""
    },
    {
        "id": 19,
        "name": "GAIUS JORESSE",
        "surname": "AZANGUE TENGAM",
        "phone": "0536 513 64 42",
        "date": "2025-05-17",
        "time": "22:10:16.950342",
        "other_data": ""
    },
    {
        "id": 20,
        "name": "AYOUB HAROUN",
        "surname": "MUSA HAROUN",
        "phone": "0506 763 41 19",
        "date": "2025-05-17",
        "time": "22:11:56.428311",
        "other_data": ""
    },
    {
        "id": 21,
        "name": "Nurdoğan",
        "surname": "Geniş",
        "phone": "0506 763 51 19",
        "date": "2025-05-17",
        "time": "22:12:31.157407",
        "other_data": ""
    },
    {
        "id": 22,
        "name": "Berat",
        "surname": "Berat",
        "phone": "0506 563 51 19",
        "date": "2025-05-17",
        "time": "22:12:57.076512",
        "other_data": ""
    },
    {
        "id": 23,
        "name": "Fatma",
        "surname": "Balcı",
        "phone": "0506 463 51 19",
        "date": "2025-05-17",
        "time": "22:13:33.654502",
        "other_data": ""
    },
    {
        "id": 24,
        "name": "Asude",
        "surname": "Sarıçiçek",
        "phone": "0506 463 51 20",
        "date": "2025-05-17",
        "time": "22:14:16.162957",
        "other_data": ""
    },
    {
        "id": 25,
        "name": "Miraç Muhammet",
        "surname": "Karagülle",
        "phone": "0506 413 51 20",
        "date": "2025-05-17",
        "time": "22:14:48.804181",
        "other_data": ""
    },
    {
        "id": 26,
        "name": "Buse",
        "surname": "Nur Akmaz",
        "phone": "0506 413 71 20",
        "date": "2025-05-17",
        "time": "22:15:17.408540",
        "other_data": ""
    },
    {
        "id": 27,
        "name": "Nagihan",
        "surname": "Şahiner",
        "phone": "0506 413 71 30",
        "date": "2025-05-17",
        "time": "22:15:41.563711",
        "other_data": ""
    },
    {
        "id": 28,
        "name": "Semanur",
        "surname": "Keskin",
        "phone": "0506 413 71 31",
        "date": "2025-05-17",
        "time": "22:16:12.969276",
        "other_data": ""
    },
    {
        "id": 29,
        "name": "Tuğçe",
        "surname": "Kömesu",
        "phone": "0506 413 91 31",
        "date": "2025-05-17",
        "time": "22:16:44.226188",
        "other_data": ""
    },
    {
        "id": 30,
        "name": "Nuriye",
        "surname": "Rahime",
        "phone": "0501 032 73 61",
        "date": "2025-05-17",
        "time": "22:17:34.047498",
        "other_data": ""
    },
    {
        "id": 31,
        "name": "Sıla Naz",
        "surname": "Özdemir",
        "phone": "0501 032 73 63",
        "date": "2025-05-17",
        "time": "22:18:06.972518",
        "other_data": ""
    },
    {
        "id": 32,
        "name": "Özlem",
        "surname": "Uçar",
        "phone": "0501 032 74 63",
        "date": "2025-05-17",
        "time": "22:18:38.781628",
        "other_data": ""
    },
    {
        "id": 33,
        "name": "Ali",
        "surname": "Ceylan",
        "phone": "0501 032 54 63",
        "date": "2025-05-22",
        "time": "20:54:50.557289",
        "other_data": ""
    },
    {
        "id": 34,
        "name": "Caferhan",
        "surname": "Tanış",
        "phone": "0501 132 54 63",
        "date": "2025-05-22",
        "time": "20:55:26.293276",
        "other_data": ""
    },
    {
        "id": 35,
        "name": "Ferhat",
        "surname": "ASLAN",
        "phone": "0501 132 57 63",
        "date": "2025-05-22",
        "time": "20:56:03.864329",
        "other_data": ""
    },
    {
        "id": 36,
        "name": "Ali",
        "surname": "Anaç",
        "phone": "0505 132 57 63",
        "date": "2025-05-22",
        "time": "20:56:30.199234",
        "other_data": ""
    },
    {
        "id": 37,
        "name": "Damla",
        "surname": "Demirci",
        "phone": "0505 102 57 63",
        "date": "2025-05-22",
        "time": "20:57:00.107495",
        "other_data": ""
    },
    {
        "id": 38,
        "name": "Melike",
        "surname": "Yaren Subaşı",
        "phone": "0505 152 57 63",
        "date": "2025-05-22",
        "time": "20:57:47.993542",
        "other_data": ""
    },
    {
        "id": 39,
        "name": "Sude",
        "surname": "TURAN",
        "phone": "0505 152 67 63",
        "date": "2025-05-22",
        "time": "20:58:21.363084",
        "other_data": ""
    },
    {
        "id": 40,
        "name": "Enver",
        "surname": "AKTAŞ",
        "phone": "0505 152 30 63",
        "date": "2025-05-22",
        "time": "21:03:05.072054",
        "other_data": ""
    },
    {
        "id": 41,
        "name": "Mustafa Kemal",
        "surname": "ŞAHBAZ",
        "phone": "0555 159 18 43",
        "date": "2025-05-22",
        "time": "21:03:53.419367",
        "other_data": ""
    },
    {
        "id": 42,
        "name": "SIDAHMED",
        "surname": "MOUHAMED BEWBE",
        "phone": "0555 159 28 43",
        "date": "2025-05-22",
        "time": "21:04:54.107165",
        "other_data": ""
    },
    {
        "id": 43,
        "name": "Hamit",
        "surname": "Deveci",
        "phone": "0555 159 28 44",
        "date": "2025-05-22",
        "time": "21:05:12.897378",
        "other_data": ""
    },
    {
        "id": 44,
        "name": "Hilal",
        "surname": "Deniz",
        "phone": "0555 359 28 44",
        "date": "2025-05-22",
        "time": "21:05:39.440426",
        "other_data": ""
    },
    {
        "id": 45,
        "name": "Ömer",
        "surname": "Kültür",
        "phone": "0505 169 17 43",
        "date": "2025-05-22",
        "time": "21:06:06.505686",
        "other_data": ""
    },
    {
        "id": 46,
        "name": "Ahmet",
        "surname": "Can Eryılmaz",
        "phone": "0505 119 17 43",
        "date": "2025-05-22",
        "time": "21:06:43.880484",
        "other_data": ""
    },
    {
        "id": 47,
        "name": "Vildan",
        "surname": "Çiftçi",
        "phone": "0504 169 17 43",
        "date": "2025-05-22",
        "time": "21:07:25.697706",
        "other_data": ""
    },
    {
        "id": 48,
        "name": "Rabia ",
        "surname": "Çam",
        "phone": "0504 169 27 43",
        "date": "2025-05-22",
        "time": "21:07:49.650872",
        "other_data": ""
    },
    {
        "id": 49,
        "name": "Osman",
        "surname": "Nuri Çimen",
        "phone": "0555 169 00 43",
        "date": "2025-05-22",
        "time": "21:08:30.001826",
        "other_data": ""
    },
    {
        "id": 50,
        "name": "Büşra",
        "surname": "Çelik",
        "phone": "0555 169 01 43",
        "date": "2025-05-22",
        "time": "21:09:05.177041",
        "other_data": ""
    },
    {
        "id": 51,
        "name": "Zeynep",
        "surname": "Duyar",
        "phone": "0555 169 11 43",
        "date": "2025-05-22",
        "time": "21:09:29.176166",
        "other_data": ""
    },
    {
        "id": 52,
        "name": "Abdallah",
        "surname": "Habib Hamid",
        "phone": "0555 169 02 43",
        "date": "2025-05-22",
        "time": "21:09:56.273275",
        "other_data": ""
    },
    {
        "id": 53,
        "name": "Mascud",
        "surname": "Isse Nur",
        "phone": "0555 169 22 43",
        "date": "2025-05-22",
        "time": "21:10:20.175172",
        "other_data": ""
    },
    {
        "id": 54,
        "name": "Buse",
        "surname": "Karadeniz ",
        "phone": "0536 523 00 42",
        "date": "2025-05-22",
        "time": "21:10:53.712405",
        "other_data": ""
    },
    {
        "id": 55,
        "name": "Polat",
        "surname": "Karadeniz ",
        "phone": "0536 503 00 42",
        "date": "2025-05-22",
        "time": "21:11:19.733527",
        "other_data": ""
    },
    {
        "id": 56,
        "name": "Mukaddes",
        "surname": "Nur Kuzucu",
        "phone": "0536 513 00 42",
        "date": "2025-05-22",
        "time": "21:11:50.228051",
        "other_data": ""
    }
]